Type,Name,Request Count,Failure Count,Median Response Time,Average Response Time,Min Response Time,Max Response Time,Average Content Size,Requests/s,Failures/s,50%,66%,75%,80%,90%,95%,98%,99%,99.9%,99.99%,100%
POST,/api/[url],13,13,4087.268300005235,4061.104953846482,4034.2037999944296,4087.268300005235,0.0,0.2383929890241718,0.2383929890241718,4100,4100,4100,4100,4100,4100,4100,4100,4100,4100,4100
,Aggregated,13,13,4087.268300005235,4061.104953846482,4034.2037999944296,4087.268300005235,0.0,0.2383929890241718,0.2383929890241718,4100,4100,4100,4100,4100,4100,4100,4100,4100,4100,4100
